"title","address","phone","email"
"ARQ Enterprises Inc. Tile & Stone Resources","12740 Danielson Ct. Ste. D, Poway, CA 92064","1-858-486-1212",""
"Daltile Bend","545 SE Bridgeford Blvd., Bend, OR 97702","541-317-9301",""
"Daltile Eugene","1471 Railroad Blvd. Unit # 1, Eugene, OR 97402","541-686-0217",""
"Daltile Everett","2525 West Casino Rd. Ste 8A, Everett, WA 98204","425-355-1645",""
"Daltile Lakewood","4215 95th Street SW - Suite A, Lakewood, WA 98499","253-581-1130",""
"Daltile Las Vegas","3455 W. Sunset Rd. Ste. G, Las Vegas, NV 89118","702-361-6873",""
"Daltile Ontario","3624 E. La Salle, Ontario, CA 91761","",""
"Daltile Palm Desert","77-583 El Duna Ct, Ste A, Palm Desert, CA 92211","760-772-1298",""
"Daltile Portland","3240 N.W. 29th Ave., Portland, OR 97210","503-236-4585",""
"Daltile Redlands","2354 W. Lugonia Ave., Redlands, CA 92374","909-796-3466",""
"Daltile San Leandro","2311 Merced Street, San Leandro, CA 94577","510-895-9006",""
"Daltile Seattle","540 S. Front St., Seattle, WA 98108","206-762-6620",""
"Daltile Spokane","East 4000 Broadway, Spokane, WA 99202","509-534-0202",""
"Daltile Torrance","18740 Crenshaw Blvd., Torrance, CA 90504","310-323-4632",""
"Daltile Van Nuys","16201 Stagg St., Van Nuys, CA 91406","818-787-3224",""
"HPM Building Supply, Hilo HI","380 Kanoelehua Avenue, Hilo, HI 96720","(808) 935-0875",""
"HPM Building Supply, Kailua-Kona HI","74-5511 Luhia Street, Kailua-Kona, HI 96740","(808) 334-4200",""
"HPM Building Supply, Waimea HI","64-1027 Mamalahoa Highway, Kamuela, HI 96743","(808) 885-6036",""
"Lake Interiors","66 Hwy. 150, Chelan, WA 98816","(509) 682-2301",\N
"Lynden Interiors","2017 Front St, Lynden, WA 98264","360-354-4149",""
"Marazzi Tile & Stone","9020 Activity Road Ste B, San Diego, CA 92126","858.547.8453",""
"Sams Flooring Supplies Abbotsford","#103 30755 Simpson Rd., Abbostford, BC V2T 6X4","604-850-6477",""
"Sams Flooring Supplies Chilliwack","#B 8850 Young Rd., Chilliwack, BC V2P 4P5","604-795-6521",""
"Sams Flooring Supplies Kelowna","#100 1516 Keehn Rd., Kelowna, BC V1X 5T3","250-860-8886",""
"Sams Flooring Supplies Langley","#8 20701 Langley Bypass, Langley, BC V3A 5E8","604-530-2949",""
"Sams Flooring Supplies Surrey","#227 12448 82nd Ave. , Surrey, BC V3W 2E9","604-594-9888",""
"Sams Flooring Supplies Vernon","#2 4601 23rd St., Vernon, BC V1T 4K7","250-260-7075",""
"Seattle Glass Block","6029 238th Street SE, Woodinville, WA 98072","425-483-9977",""
"Sierra Glass Block","8230 Belvedere Ave., Ste. E, Sacramento, CA 95826","916-455-5507",""
"Tile for Less Bothell","19400 Bothell Everett Hwy, Bothell, WA 98012","425-415-6600",""
"Tile for Less Seattle","2440 First Ave. S, Seattle, WA 98134","(206) 489-4504","seattle@tileforlessnw.com"
"Tile for Less Spokane Valley","5414 E. Sprague, Spokane Valley, WA 99212","509.315.5176",""
"Tile Lines","1531 Central Ave S, Kent, WA 98108","253-872-0449",""
"United Tile Portland","3145 NW Yean Ave., Portland, OR 97210","503-231-4959",""
"United Tile Seattle","750 S. Michigan Street, Seattle, WA 98108","425-251-5290",""
"United Tile Spokane","622 East Second, Spokane, WA 99202","509-466-4478",""
"BASSANO BUILDING CENTER (TIMBER MART)","417 - 11th Street Box 368, Bassano, AB T0J 0B0","403-641-4000","bassbuilding@eidnet.org"
"Heart Mountain Home","1659 E Main St, Freeland, WA 98249","360-221-1124",""
"Daltile Anaheim ","1600 S. Page St., Anaheim, CA 92806","714.634.2546",""
"Daltile Sacramento","9971 Horn Road, Sacramento, CA 95827","(916) 364-0741",""
"American Olean / Marazzi Tile & Stone","1955 Davis St, San Leandro, CA 94577","510-394-9800",""
"American Olean / Marazzi Tile & Stone","4935 Southfront Rd, Livermore, CA 94551","925-449-0338",""
"Esta Aqui Tile","2124 Grant Street, Bellingham, WA 98226","(360) 734-7374",""
"Daltile Boise","11510 West Executive Drive, Boise, ID 83713","(208) 375-4466",""
"Emser Tile Boise","12050 West Franklin Road, Boise, ID 83709","(208) 375-2020",""
"American Olean / Marazzi Phoenix","2115 S 11th Ave Suite 170, Phoenix, AZ 85007","(602) 252-5357",""
"American Olean / Marazzi Denver","12435 E 42nd Ave Unit 10, Denver, CO 80239","(303) 375-8253",""
"American Olean / Marazzi Salt Lake City","2922 South 300 West, Salt Lake City, UT 84115","(801) 466-9736",""
"American Olean / Marazzi Anaheim","1340 S State College Blvd., Anaheim, CA 92806","(714) 956-7565",""
"Dal Tile Fairfield CA","2350 S Watney Way, Suite A, Fairfield, CA 94533","(707) 429-4592",""
"SariSand Tile","685 Rio Road West, Charlottesville, VA 22901","434-964-4680",""
"Daltile Honolulu","1200 N Nimitz Hwy, Honolulu, HI 96817","(808) 523-3660",""
"Daltile Chico","206 Meyers St., Chico, CA 95928","(530) 343-6425",""
"Daltile Redding CA","3065 Crossroads Drive, Redding, CA 96003"," (530) 221-8453",""
"Standard Paint and Flooring L.L.C.","149 Easy Way, Wenatchee,  98901","509-663-8574",""
"Emser Tile","5712 1400, S State College Blvd, Anaheim, CA 92806","(714) 778-5777",""
"Northwest Trends","11315 E Montgomery Dr, Spokane Valley, WA 99206","(509) 921-9677",""
"Floor Trader Outlet Spokane","6227 N Division S, Spokane, WA 99208","(509) 309-0673",""
"Mount Vernon Carpet One Floor and Home","400 West Fir Street, Mount Vernon, WA 98273","360-336-6533",""
"Emser Tile - La Vista NE","11941 Centennial Road, Suite 6, La Vista, NE 68128","402-339-8453",""
"Daltile Plymouth Meeting","5105 Campus Dr, Plymouth Meeting, PA 19462","610-825-5381",""
"Weilers Kitchens & Bath Designs","350 Bustleton Pike, Feasterville-Trevose, PA 19053","215-357-9300",""
"Clarks Building & Decorating","417 Westinghouse Dr, Hot Springs National Park, AR 71901","(501) 262-2262",""
"EMCO / Ensuite Windsor","2740 Temple Dr, Windsor, ON N8W 5J5","(519) 948-8131",""
"EMCO","300 Fee St, North Bay, ON P1B 8G5","(705) 476-0701",""
"Showroom Flooring","870 Cliffe Ave, Courtenay, BC V9N 2J7","(250) 871-8453","sales@showroomflooring.ca"
"Daltile Santa Rosa CA","258 Sutton Pl Ste # 101, Santa Rosa, CA 95407","707-588-0842",""
"EMCO Corporation","800 Wilson Rd S #2, Oshawa, Ontario L1H 6E8","(905) 723-1173",""
"Insulation and Supply - Manitowoc","1129 S 41st Street, Manitowoc, WI 54220","1-800-242-7619",""
"Insulation and Supply - Green Bay","3158 Market St, Green Bay, WI 54304","1-800-472-0048",""
"Insulation and Supply - Greenville","N1044 Quality Dr., Greenville, WI 54942","1-800-223-1061",""
"Continental Flooring Installation","1395 Alpha Lake Rd., Whistler, BC V0N 1B1","604-962-8453",""
"Daltile Loveland CO","5741 Earhart Rd, Loveland, CO 80538","970-622-9741",""
"Ceramic Tileworks Center, Omaha, NE","11005 W. Maple Road, Omaha, NE 68164","402-493-1567",""
"Emser Tile, Wichita KS","2333 S West St Suite 301, Wichita, KS 67213","316-943-1441",""
"Signature Interior Expressions, Neosho MO","12650 Hammer Rd, Neosho, MO 64850","417-451-0535",""
"Emser Tile, La Vista NE","11941 Centennial Rd Suite #6, La Vista, NE 68128","402-339-8453",""
"Emser Tile, Little Rock AR","10068 Maumelle Blvd, Little Rock, AR 72113","",""
"Daltile Maryland Heights, MO","2059 Westport Center Dr, Maryland Heights, MO 63146","(314) 997-6970",""
"Daltile Knoxville, TN","1714 Louisville Dr. Ste B, Knoxville, TN, TN 37921-5903","(865) 588-2155",""
"Daltile Burr Ridge, IL","7600 South Grant St., Burr Ridge, IL, IL 60527","(630) 789-1400",""
"Daltile South Bend, IN","3235 Rosetta Place Dr. Ste # 1, South Bend, IN, IN 46628","",""
"Daltile Springdale, AR","373-A Agnes Drive , Springdale, AR, AR 72762-4134","(479) 361-5825",""
"Carolina Tile and Stone, Cornelius, NC","19020 Statesville Rd, Cornelius, NC, NC 28031","(704) 892-2442",""
"Ralph's Floors, Lynden, WA","1842 Front Street, Lynden, WA 98264-1723","(360) 227-8494",""
"Emser Tile","10550 Lackman Rd, Lenexa, KS 66219","(913) 894-4888 ",""
"Mckenna DIstribution","620 Vennels St., Regina, SK S4N5S5","306-359-7755","info@mckdist.com"
"Daltile / Daltile Columbus","730 Dearborn Park Ln, Columbus, OH 43085","(614) 433-9181","Columbus.SSC219@Daltile.com"
"Daltile / Daltile St.Louis","2051 Westport Center Dr, St. Louis, MO 63146","(314) 824-1367","Columbus.SSC219@Daltile.com"
"Gordon Wall Windows & Floors ","801 Victoria St, Trail, BC V1R 3T3","(250) 364-2537",""
"Home Hardware Nelson ","101 Mcdonald Drive, Nelson, BC V1L 6B2","(250) 352-1919",""
"Floor Store Salmon Arm","241  5th St SW, Salmon Arm, BC V1E 1S9","(250) 832-1944",""
"Northern Capital Wood Products","381 McAloney Road, Unit C, Prince George, BC V2K 4L2","(250) 564-6171","ncwpwood@telus.net"
"Canada Flooring Enterprises Ltd. ","9049 Quartz Road, Whitehorse, YT Y1A 4Z5","(867) 667-7290",""
"G&J Design Flooring","1295 Hwy 97 N, Quesnel, BC V2J 2Y5","250-992-2272",""
"The Tile Guy Flooring LTD. ","4413-29th Street, Vernon, BC V1T 5B7","250-545-8453",""
"Southwest Flooring & Supply ","1102 Chief Mountain Ave, Bay 100/200, Pincher Creek, AB T0K 1W0","(403) 308-7050",""
"The Flooring Hub","5137-26th Street, Vernon, BC V1T 8G4","(778) 475-7700",""
"Pacific Coast Floor Coverings Inc. ","2374 Millstream Rd., Victoria, BC V9B 3R3","(250) 474-0411",""
"Prodigy Interiors Inc. ","191 Eversyde Circle SW, Calgary, AB T2Y 4T4","403-589-4419",""
"Contemporary Bathrooms C/O Rosedale","5620 68 Avenue Southeast Bay 2, Calgary, AB T2C 5L1","(403) 291-2200",""
"Tileworks & Frontier Irrigation ","1702 2 Ave S, Lethbridge, AB T1J 0G3","403-328-6197",""
"Best Tile & Wood II Inc","69 State Rt. 31,, Flemigton, NJ 08822","(908) 782-6707",""
"Buffalo Glass Block","520 Hinman Ave, Buffalo, NY 14216"," (716) 873-3553",""
"Coast Tile and Marble","3168 Fire Rd, Egg Harbor Township, NJ 08234","(609) 646-9346",""
"Daltile Allentown","904 Marcon Blvd, Allentown, PA 18109","(610) 266-6688",""
"Daltile Baton Rouge","12037 Airline Hwy, Baton Rouge, LA 70817","(225) 751-3194",""
"Daltile Daytona","703 Samms Ave Ste C, Port Orange, FL 32129","(386) 767-9561",""
"Daltile Fayetteville","373-A Agnes Dr, Tontitown, AR 72762","(479) 361-5825",""
"Daltile Jacksonville","9446 Philips Hwy, Jacksonville, FL 32256","904-262-0444",""
"Daltile Salisbury","2257 Northwood Dr Suite A, SALISBURY, MD 21801","(410) 546-1015",""
"Daltile Mechanicsburg","4750 WESTPORT DR STE 100, MECHANICSBURG, PA 17055","(717) 795-0154",""
"Daltile Pittsburgh","104 Parkway View Dr, Pittsburgh, PA 15205","(412) 787-2040",""
"Daltile Sarasota ","7450 26th Court East Unit 112, Sarasota, FL 34243","(941) 355-2954",""
"Daltile Springfield","2710 S Austin Ave, Springfield, MO 65807","(417) 883-4600",""
"Emser Tile -  Los Angeles","8431 Santa Monica Blvd, Los Angeles, CA 90069","(502) 962-7255",""
"Five Star Bath Solutions","6008 E 1245 Mile Road, Warren, MI 48092","",""
"Hunt Valley Tile & Stone","11110 Pepper Rd Suite D, Hunt Valley, MD 21031","(410)-771-6441",""
"Natural Stone and Tile","8875 Bash St, Indianapolis, IN 46256","(317) 863-5926",""
"Minnesota Tile & Stone - Lakeville","17615 Kenrick Ave., Lakeville, MN 55044","(952) 898-1960",""
"Minnesota Tile & Stone - Plymouth","1797 Xenium Ln N, Plymouth, MN 55441","(763) 233-7060",""
"Minnesota Tile & Stone - Woodbury","9703 Hudson Rd, Woodbury, MN 55125","(651) 730-0447",""
"Minnesota Tile & Stone - Minnetonka","6001 Culligan Way, Minnetonka, MN 55345","(952) 345-9425",""
"Tool Republic","2310 St. Laurent Blvd, Unit 305,, Ottawa, ON K1G 5H9","(613) 523-5555",""
"Village Tile","6306 Main St, Stouffville, ON L4A 1G8","(905) 591-8453",""
"Sage Kitchen & Bath"," 12 Bram Court, Unit 9, Brampton, ON L6W 3R6","(647)280-6917","info@SageKitchenandBath.ca"
"Daltile West Atlanta","3021 Olympic Industrial Dr SE # 100, Atlanta, GA 30339","(404) 355-3180",""
"Daltile Charlotte","405 Forsyth Hall Drive, Charlotte , NC 28273","(704) 588-0153",""
"Daltile Fayetteville","1211 Ireland Dr. Ste # 14, Fayetteville, NC 28304","(910) 323-3004",""
"Daltile North Little Rock","9460 Maumelle Blvd. , North Little Rock, AR 72113","(501) 812-4800",""
"Daltile Baton Rouge","12037 Airline Hwy, Baton Rouge , LA 70816","(225) 751-3194",""
"Daltile Ridgeland","108 East State St., Ridgeland, MS 39157","(601) 853-2714",""
"Daltile Springfield","2710 S. Austin St., Springfield, MO 65807","(417) 883-4600",""
"Daltile Farmington Hills","24640 Drake Rd., Farmington Hills, MI 48335","(248) 471-7150",""
"Daltile Mechanicsburg","4750 Westport Drive Ste # 100, Mechanicsburg, PA 17055","(717) 795-0154",""
"Daltile Allentown","904 Marcon Blvd. , Allentown, PA 18109","(610) 266-6688",""
"Daltile Dayton","181 Herrod Blvd. Ste # 12, Dayton, NJ 08810","(609) 409-7687",""
"Daltile Port Orange","703 Samms Ave Ste C , Port Orange, FL 32129","(386) 767-9561",""
"Daltile Jacksonville","9446 Philips Hwy Ste 10, Jacksonville, FL 32256","(904) 262-0444",""
"Daltile Miramar Beach","195 Business Centre Dr. , Miramar Beach, FL 32550","(850) 837-5508",""
"Daltile Naples","2900 Horseshoe Dr., South Suite 700, Naples, FL 34104","(239) 643-1823",""
"Daltile Fort Wayne","6401 Cross Creek Blvd, Fort Wayne, IN 46818","(260)489-8799",""
"BuildMyPlace","2900 Fern Valley Rd, Louisville, KY 40213","(740) 697-5223",""
"Daltile Mesquite","4400 US HWY 80 E, STE 140, Mesquite, TX 75149","(972) 613-4711",""
"Daltile Carrollton","1705 Wallace Drive, Suite 100, Carrollton, TX 75006","(972) 245-3185",""
"Daltile Fort Worth","3328 Fossil Creek BLVD, Fort Worth, TX 76137","(972) 489-7073",""
"Daltile San Antonio","1119 Arion Pkwy, San Antonio, TX 78216","(210) 403-0298",""
"Daltile Arlington","2500 E Mayfield Rd ,Ste 300, Arlington, TX 76014","(817) 784-3853",""
"Daltile Plano","1300 E Plano Pkwy A, Plano, TX 75074","(972) 578-1600",""
"Standard Paint and Flooring","130 S 72nd Ave, Yakima, WA 98908","(509) 972-7620",""
"Daltile Charleston","2261 Technical Pkwy Ste B, Charleston, SC 29406","(509) 972-7620",""
"SVC Interiors & Design Inc - Bellingham","1701 Ellis St, STE 107, Bellingham, WA 98225","(360) 676-6036",""
"Custom Touch Interiors","13029 NE 20th St, Bellevue, WA 98005","(425) 883-0555",""
"Standard Paint & Flooring, L.L.C. - Yakima","409 W Yakima Ave, Yakima, WA 98902","(509) 453-3171",""
"Ceramic Tile Supply NW","1620 W 7th Ave, Eugene, OR 97402","541-343-0449",""
"Color Tile of Medford","3069 Crater Lake Ave, Medford,  OR 97504","(541) 776-3220",""
"Carpet One Floor & Home","1606 N Portland St, La Grande,  OR 97850","(541) 963-6033",""
"Southeastern Tile Connection Wilmington","2101 Capital Drive, Wilmington, NC 28405","(910) 799-5565","info@setileconnection.com"
"Southeastern Tile Connection Durham","3738 Durham-Chapel Hill Blvd,. Unit D, Durham, NC 27707","(919) 237-9845","info@setileconnection.com"
"Sunsai Tile and Surfaces","1510 Drew Rd #14,, Mississauga, ON L5S 1W7","+1 647-407-1191",""
"ATS Supply Ltd.","13451 Doole Road, Ladysmith, BC V9G 1G6","250-661-6794","atssupplyltd@gmail.com"
"Daltile Myrtle Beach","1330 17th Ave S, Myrtle Beach, SC 29577","(843) 839-0033",""
"Daltile San Rafael","25 Pelican Way, San Rafael, CA 94901","(415)454-8610",""
"EMCO Guelph","65 Dawson Rd #1, Guelph, ON N1H 1B1","(519)822-9160",""
" Premier Surface & Supply LLC","12971 Eaton St, Detroit, MI 48227","(313) 659-6115",""
"ProSource of Seattle","21312 30th Dr SE Suite B-107, Bothell, WA 98021","425-487-4343 ext. 100",""
"East Coast Granite & Tile","3042 E Chestnut Expy,, Springfield, MO 65802","417-423-7722",""
" Curran Design Center","1609 N State Highway CC, Nixa, MO 65714","417-724-1018",""
"Lakeside Renovations & Design","139 Chesterfield Industrial Blvd, Chesterfield, MO 63005","636-978-5000",""
"Carpet One Floor & Home","105 Business Loop 70 E,, Columbia, MO 65203","(573) 303-5680",""
"Homestar Design Remodel","13014 Manchester Rd, Suite C, Saint Louis, MO 63131","(314) 328-8200",""
" The Tile House, Whitby, ON","1400 Victoria Street East, Unit 3, Whitby, ON L1N 0M2","(905) 668-2434",""
"Mees Distributors, Inc.","1541 West Fork Rd, Cincinnati, OH 45223","513-541-2311","jmassengale@meesdistributors.com"
"Alpha Tile & Stone - Tampa","2443 East Meadow BLVD, Tampa, FL 33619","813-620-9000","tony@alphatile.com"
"Alpha Tile & Stone - Sarasota","1808 Whitfield Avenue, Sarasota, FL 34243","941-727-7433","mikem@alphatile.com"
"Alpha Tile & Stone - Ft. Myers","10898 Metro Pkwy, Suite A, Ft. Myers, FL 33966","239-275-8288","lynn@alphatile.com"
"M2 Tile & Stone + Slabs","26 Dufflaw Rd, Toronto, ON M6A 2W1","416-850-1045","christine@m2tilestone.com"
"Maris Home Improvements","208 Chesterfield Industrial Blvd., Chesterfield, MO 63005","(636) 948-6004",""
"Global Stone LLC ","421 N Rawhide, Olathe, KS 66061","(913) 764-9400",""
"Global Stone LLC "," 7613 NW. Prairie View Rd, Kansas City, MO 64151","(816)656-5111",""
"Millenium Slate LLC","2027 County Rt 23, Middle Granville, NY 12849","855-677-6257","info@mslate.rocks"
"Cabinet Design Studio","146th & Industrial Road, Omaha, NE 68144","(531) 301-9550","info@cabinetsomaha.com"
"M2 Tile & Stone + Slabs","26 Dufflaw Rd, Toronto, ON M6A 2W1","416-850-1045","info@m2tilestone.com"
"Daltile Cranberry - Pittsburgh North","220 Executive Dr. Ste 100-200, Cranberry Twp, PA 16066","(724) 776-2311","mark.mckinnis@daltile.com"
" BT Bath Inc.","35 Gotha St, Trenton, Ontario K8V 6C9","416-986-5051",""
"Daltile New Orleans","700 Elmwood pkwy. suite B, New Orleans, LA 70123","(504) 818-0118",""
"Daltile New Orleans","700 Elmwood pkwy. suite B, New Orleans, LA 70123","(504) 818-0118",""
"MB Services","2101 Baldwin Ave Suite 1, Crofton, Maryland 21114","(443) 590-5048",""
"Iron Mountain Stone & Tile",", Concord, NC 28025","980-253-3451 ","ironmountainstone@gmail.com"
"ProSource Of Acadiana","321 E. Verot School Road, Lafayette, LA 70508","337-205-3606",""
"ProSource Of Mobile","1558 West Interstate 65 Service Rd S, Mobile, AL 36693","(251) 202-3670",""
"ProSource of Baton Rouge","10848 Airline Hwy, Baton Rouge, LA 70809","(225) 230-4626",""
"ProSource of New Orleans","1525 Edwards Ave, Harahan, LA 70123"," (504) 291-3904",""
"ProSource of Gonzales","2325 S Commerce Ave, Gonzales, LA 70737","(225) 230-4625",""
"ProSource of Jackson","6370 Cole Rd, Ridgeland, MS 39157","(601) 255-2877",""
"ProSource of Mandeville","13464 Seymour Myers Dr., Covington, LA 70433","(985) 206-8619",""
"Floor Surplus","1683 O'Neal Ln, Baton Rouge, LA 70816","(225) 372-3645",""
"Smith & Purvis Carpet One","1905 N Morrison Blvd, Hammond, LA 70401","(985) 878-5085",""
"Menzie Stone","16575 Commercial Ave, Baton Rouge, LA 70816","(225) 275-7819",""
"Menzie Flooring & Stone Nola","1525 Edwards Ave, Harahan, LA 70816","504-733-3070",""
"Menzie Production Builders ","16575 Commercial Ave Bldg. 2 2nd Floor, Baton Rouge, LA 70816 ","225-275-7819",""
"PS Distribution","16575 Commercial Ave Bldg. 3, Baton Rouge, LA 70816 ","225-774-8686",""
"Tile For Less - Federal Way ","1610 S 344th ST , Federal Way , WA 98003","(253) 878-5224","federalway@tileforlessnw.com"
"Contract Furnishings Mart - North Seattle","953 N 128th ST, Seattle, WA 98133","(206) 805-2709","dom.berryhill@cfmfloors.com"
"Contract Furnishings Mart - Everett","802 134th St SW #160, Everett , WA 98204","(425) 329-1330","ashley.whitworth@cfmfloors.com"
"Contract Furnishings Mart - Fife","3600 Industry Dr E , Fife, WA 98424","(253) 922-4648","sam.gallagher@cfmfloors.com"
"Contract Furnishings Mart - Kent","22230 84th Ave S, Kent, WA 98032","(253) 234-2040","david.halingstad@cfmfloors.com"
"Contract Furnishings Mart - Lacey","8719 Commerce Pl Dr NE , Lacey, WA 98516","(206) 480-0950","michelle.baduria@cfmfloors.com"
"Contract Furnishings Mart - Redmond","14920 NE 95th ST Suite A, Redmond, WA 98052","(425) 861-7589","jeri.martin@cfmfloors.com"
"Contract Furnishings Mart - Seattle","500 S Brandon ST, Seattle , WA 98108","(206) 763-4500","jed.kittell@cfmfloors.com"
"Contract Furnishings Mart - Tacoma","6305 6th Ave , Tacoma, WA 98406","(253) 284-0020","tom.quinlan@cfmfloors.com"
"Mat Valley Tile & Stone (Anchorage)","661 E 48th Ave, Anchorage, AK 99503","(907) 644-8453","sales@matvalleytile.com"
"Mat Valley Tile & Stone (Wasilla)","3770 E Steven Dr, Wasilla, AK 99654","(907) 357-8484","sales@matvalleytile.com"
"Contemporary Bathrooms","1235 40 Ave NE, Calgary, AB T2E 6M9","(403) 291-2200","info@contemporarybath.ca"
"Home Hardware Penticton","150 Fairview Place, Penticton, British Columbia V2A 6A5","(250) 493-1233","customerservice@pentictonhhbc.com"
"Golden Valley Tile and Stone","202 NE 1P Road, Clinton, MO 64735","660.351.6230",""
"Metex Supply Co, Regina","Unit 12 ?309 Adolph Drive, Regina, SK S4N5S5","(306) 530-8012","metexregina@gmail.com"
"EMCO Corporation","1000 Last Mile Drive, Unit 1, Ottawa, ON K1G 6Y1","613-824-6091","afortin@emcoltd.com"
"Standard Paint and Flooring","610 S Main Street, Ellensburg, WA 98926","(509) 962-2551","j.jenkins@standardpaintandflooring.com"
"Ziggy? Home Improvement (Spokane)","620 E Holland Ave, Spokane, WA 99218","(509) 467-4958",""
"Ziggy? Home Improvement (Lewiston)","1109 Warner Ave, Lewiston, ID 83501","(208) 743-6900",""
"Ziggy? Home Improvement (Post Falls)","2121 N Highway 41, Post Falls, ID 83854","(208) 777-1955",""
"Housing Interiors of Mid Missouri llc"," 5307 E St Charles Rd, Columbia, OH 65201","(573) 474-9695","HOUSINGINTERIORSLLC@GMAIL.COM"
"McLean Floorcoverings","4391 W. US Highway 421, Wilkesboro, NC 28697","(336) 568-0804",""
"Accent Floor Coverings","4614 N HWY 763, Columbia, OH 65202","(573) 874-2832",""
"Daltile Lenexa","15380 W. 101st Terrace, Lenexa, KS 66219","913-599-2987","KansasCity.SSC106@Daltile.com"
"Tile This","1436 Cliff Road E, Burnsville, MN 55337","(952) 882-0436 ","Sales@TileThis.com"
"Paul Davis of Polk County","3306 Waterfield Rd, Lakeland, FL 33803","+1 863-644-7373",""
"Flooring Outlet Center","5310 South Florida Avenue, Lakeland, FL 33813","+1 863-644-9935",""
"Floors 4 Pro's","2108 Whitfield Park Loop, Sarasota, FL 34243","+1 941-666-8640",""
"Prosource Wichita","535 S Emerson St,, Wichita, KS 67209","(316) 223-7860",""
"Goodlife Home Renovations","2541 W College Rd, Springfield, MO 65802","+14175015994",""
"Maline Tile  - Massachusettes","20 Reservoir Park Drive, Rockland, MA 02370","781.792.1780","SalesMA@maline.com"
"Maline Tile  - New Jersey","2 Doig Road, Wayne, NJ 07470","973.835.0244","SalesNJ@maline.com"
"Emco Kitchener","500 Trillium Drive, Units 3-5, Kitchener, Ontario N2R 1A7","519-894-7000","SalesNJ@maline.com"
"The Tile House, Pickering, ON","1095 Kingston Rd #3, Pickering, ON L1V 1B5","(905) 839-1434",""
"EMCO Peterborough","774 Rye St, #11, Peterborough, ON K9J 6W9","(705) 742-4251",""
"The Ensuite Winnipeg","1199 St James St, Winnipeg, MB R3K 0K8","(204)925-8466","customerservice@theensuite.ca"
" EMCO Western Supplies","1199 St James St, Winnipeg, MB R3K 0K8","(204)925-8711","605cust@emcoltd.com"
"Remarkable Concept","1550 NE Riddell Rd, STE 10, Bremerton, WA 98310","(204)925-8711","inforemarkableconcept@gmail.com"
"Idaho Floors","1905 19th Avenue, Lewiston, Idaho 83501","(208) 743-0327","info@idahofloors.net"
"Accent Flooring","4614 N HGWY 763, Columbia, MO 65202","573-874-2832",""
