"id","product_name","product_sku"
"241","48″ x 64″ x ½""  Shower Wall Panels","HBWB486412"
"242","36″ x 60″ x ⅝"" Shower Wall Panels","HBWB366058"
"243","36″ x 60″ x 1″ Building Panels","HBWB36601"
"244","25″ x 48″ x 1½"" Building Panels","HBWB2548112"
"245","48"" x 96"" x  ½"" Shower Wall Panels","HBWB489612"
"246","Classic Shower Access Ramp 12″ x 72″","HBSR1272"
"247","Single Slope Shower Pan Extension 72″ x 12″","HBSSSPE7212"
"248","60″ x 36″ Single Slope Shower Pans","HBSSSP6036"
"249","36″ x 60″ Single Slope Shower Pans","HBSSSP3660"
"250","72″ x 48″ Single Slope Shower Pans","HBSSSP7248"
"251","48″ x 72″ Single Slope Shower Pans","HBSSSP4872"
"252","72″ x 72″ Classic Center Drain Shower Pans","HBSP7272"
"253","60″ x 84″ Classic Center Drain Shower Pans","HBSP6084"
"254","60″ x 72″ Classic Center Drain Shower Pans","HBSP6072"
"255","60″ x 60″ Classic Center Drain Shower Pans","HBSP6060"
"256","Classic Shower Pan Extension 24″ x 48″","HBSPE2448"
"257","Classic Shower Pan Extension 12″ x 72″","HBSPE1272"
"258","48″ x 84″ Classic Center Drain Shower Pans","HBSP4884"
"259","Brass Drain Kit for Classic Shower Pans","HBBDK"
"260","Cartridge Gun","HBCARTGUN"
"261","Corner Putty Knife","HBCPK"
"262","Large Diamond Bench 22″ x 22″ x 31″","HBDBL"
"263","Medium Diamond Bench 17″ x 17″ x 24″","HBDBM"
"264","Classic Shower Pan Drain Cover and Tray –Brass","HBDCBRASS"
"265","Classic Shower Pan Drain Cover and Tray –Brushed Nickel","HBDCTPR"
"266","Sub-Floor Lowering Kit","HBFLJCK"
"267","IN-Shadow Trim Kit for Linear Drains","HBINSHADOW"
"268","Joint Sealant Cartridge-10 ounce","HBJSCART"
"269","Joint Sealant Sausage-20 ounce","HBJSSAUS"
"270","HYDRO-BLOK Linear Drain Kit","HBLD73"
"271","Drain Body Coupler","HBLDCOUP"
"272","Linear Drain Slot Extender Stick","HBLDSLOTEXT"
"273","Low Profile Shower Ramp 10″ x 72″","HBLPSR1072"
"274","16″ x 22″ Recessed Barrel Head Niche","HBRBHSN1622"
"275","sausage gun with 3 tips","HBSAUSGUN"
"276","Sausage Gun Replacement Tip","HBSAUSTIP"
"277","Large Suspended Bench 22″ x 22″ x 31″","HBSBL"
"278","Medium Suspended Bench 17″ x 17″ x 24″","HBSBM"
"279","Screws – Bucket of 1,000","HBSCREW1000"
"280","Screws  and Washers – 100ct","HBSCREWWASH100"
"281","Classic Corner Shower Pan Extension 36″ x 36″","HBSP3636EXC"
"282","Standard Putty Knife","HBSPK"
"283","Single Slope Shower Pan Side Extension 18″ x 72″","HBSSSPE1872"
"284","Thin Single Slope Shower Pan Extension 72″ x 12″","HBTSSSPE7212"
"285","Washers with Tabs – Bucket Of 1,000","HBWASH1000"
"286"," Low Profile Shower Pan Drain Cover-Brushed Nickel","HBLPDC"
"287","Classic Shower Pan Drain Cover and Tray – Oil Rubbed Bronze","HBDCBRONZE"
"288","Classic Shower Pan Drain Cover and Tray – Polished Chrome","HBDCCHROME"
"289","Classic Shower Pan Drain Cover and Tray – Matte Black","HBDCBLACK"
"290","IN-Sight Trim for Linear Drains 1/2″","HBINSI12"
"291","IN-Sight Trim for Linear Drains 1/4″","HBINSI14"
"292","IN-Sight Trim for Linear Drains 3/8″","HBINSI38"
"293","Angled Access Tray For Linear Drain 1/2″","HBLDAFT12"
"294","Angled Access Tray For Linear Drain 1/4″","HBLDAFT14"
"295","Angled Access Tray For Linear Drain 3/8″","HBLDAFT38"
"296","Low Profile Shower Pan Extension 12″ x 72″","HBLPSPE1272"
"297","Low Profile Shower Pan Extension 24″ x 48″","HBLPSPE2448"
"298","36” x 36” Low Profile Centre Drain Shower Pans","HBLPSP3636"
"299","36” x 48” Low Profile Centre Drain Shower Pans","HBLPSP3648"
"300","36” x 60” Low Profile Centre Drain Shower Pans","HBLPSP3660"
"301","36” x 72” Offset Drain Low Profile Centre Drain Shower Pans","HBLPSP3672OD"
"302","48” x 48” Low Profile Centre Drain Shower Pans","HBLPSP4848"
"303","48” x 60” Low Profile Centre Drain Shower Pans","HBLPSP4860"
"304","48” x 72” Low Profile Centre Drain Shower Pans","HBLPSP4872"
"305","48” x 84” Low Profile Centre Drain Shower Pans","HBLPSP4884"
"306","60” x 60” Low Profile Centre Drain Shower Pans","HBLPSP6060"
"307","60” x 72” Low Profile Centre Drain Shower Pans","HBLPSP6072"
"308","60” x 84” Low Profile Centre Drain Shower Pans","HBLPSP6084"
"309","72” x 72” Low Profile Centre Drain Shower Pans","HBLPSP7272"
"310","36” x 72” Low Profile Centre Drain Shower Pans","HBLPSP3672"
"311","16″ x 16″ Recessed Niche","HBRSN1616"
"312","16″ x 28″ Recessed Niche","HBRSN1628"
"313","Shower Curb – Standard 3.5"" x4""x60""","HBSC60"
"314","Shower Curb – Standard 3.5"" x4""x84""","HBSC84"
"315","Shower Curb – Mini 2”×2.5”×60”","HBSCM60"
"316","Shower Curb – Mini 2”×2.5”×84”","HBSCM84"
"317","36” x 48” Classic Center Drain Shower Pans","HBSP3648"
"318","36” x 36” Classic Center Drain Shower Pans","HBSP3636"
"319","36” x 60” Classic Center Drain Shower Pans","HBSP3660"
"320","36” x 72” Classic Center Drain Shower Pans","HBSP3672"
"321","36″ x 72″ Offset Drain – Classic Center Drain Shower Pans","HBSP3672OD"
"322","48″ x 48″ Classic Center Drain Shower Pans","HBSP4848"
"323","48″ x 60″ Classic Center Drain Shower Pans","HBSP4860"
"324","48″ x 72″ Classic Center Drain Shower Pans","HBSP4872"
"325","36″ x 60″ THIN Single Slope Shower Pans","HBTSSSP3660"
"326","48″ x 72″ THIN Single Slope Shower Pans","HBTSSSP4872"
"327","60″ x 36″ THIN Single Slope Shower Pans","HBTSSSP6036"
"328","72″ x 48″ THIN Single Slope Shower Pans","HBTSSSP7248"
"329","36″ x 60″ x ½”Shower Wall Panels","HBWB366012"
"330","48″ x 96″ x 2″ Building Panels","HBWB44962"
"331","48″ x 60″ x 2″ Building Panels","HBWB48602"
"332","36"" x 48"" x  1½""  Building Panels","HBWB3648112"
"333","Low Profile Shower Pan Drain Cover– Oil Rubbed Bronze","HBLPDCBRONZE"
"334","Low Profile Shower Pan Drain Cover– Polished Chrome","HBLPDCCHROME"
"335","Low Profile Shower Pan Drain Cover-Brass","HBLPDCBRASS"
"336","Classic Shower Pan Drain Cover and Tray","HBDC"
"337","IN-Sight Trim for Linear Drains","HBINS"
"338","Angled Access Tray For Linear Drain","HBLDAFT"
"339","Low Profile Shower Pan Extension","HBLPSPE"
"340","Low Profile Centre Drain Shower Pans","HBLPSP"
"341","Recessed Niche","HBRSN"
"342","Shower Curb – Standard","HBSC"
"343","Shower Curb – Mini","HBSCM"
"344","Classic Shower Pan Extension","HBSPE"
"345","Classic Center Drain Shower Pans","HBSP"
"346","Single Slope Shower Pans","HBSSSP"
"347","THIN Single Slope Shower Pans","HBTSSSP"
"348","Building Panels","HBWBP"
"349","Shower Wall Panels","HBWB"
"350","Low Profile Shower Pan Drain Cover","HBLPD"
"351","Test Product (don't delete it)","TEST-001"
"352","36"" x 36"" Shower Kit","HBSKIT3636"
"353","36"" x 48"" Shower Kit","HBSKIT3648"
"354","36"" x 60"" Shower Kit","HBSKIT3660"
"355","48"" x 48"" Shower Kit","HBSKIT4848"
"356","48"" x 60"" Shower Kit","HBSKIT4860"
"357","Mixing Valve Seal, 9¼"" Diameter, 4½"" Opening","HBVALVE"
"358","Pipe Seal, 7¼"" Diameter, ¾"" Opening","HBPIPESEAL"
"359"," 36"" x 100' x 1/4"" Uncoupling Membrane","HBUNCOUP14"
"360","36"" x 100' x 1/8"" Uncoupling Membrane ","HBUNCOUIP18"
